{"mapping":[{"path":"9062119/georgetti_51960_12.json"},{"path":"9062120/georgetti_51960_13.json"},{"path":"9062119/georgetti_51960_12.json"},{"path":"9062120/georgetti_51960_13.json"},{"path":"9062122/georgetti_51960_08.json"},{"path":"9062122/georgetti_51960_08.json"},{"path":"9062122/georgetti_51960_08.json"},{"path":"9062121/georgetti_51960_09.json"},{"path":"9062121/georgetti_51960_09.json"},{"path":"9062121/georgetti_51960_09.json"},{"path":"9062121/georgetti_51960_09.json"},{"path":"9062121/georgetti_51960_09.json"}],"area":0}